CustomerID,Name,Email,Phone,Address
1,John Price,jeffreyfisher@example.net,001-700-623-9863,"85306 Barbara Garden Apt. 297, Claytonhaven, NC 50486"
2,Christopher Bennett,christopher93@example.org,412.514.2507x275,"9210 Payne Mount Apt. 775, North Angelside, KS 37215"
3,Roberto Tate,griffithronald@example.net,+1-725-838-4893x4411,"515 Burgess Dam, West Jasonmouth, NY 17262"
4,Pamela Miller,vcohen@example.com,867.612.3332x513,"247 Terri Divide Apt. 619, Thomasbury, OH 63076"
5,James Martinez,christopherstuart@example.org,624-475-3016x811,"06905 Rosales Place Apt. 476, Harrisfurt, MO 87771"
6,Natalie Hill,joneskim@example.net,(635)234-1319x98528,"Unit 5672 Box 0746, DPO AP 59155"
7,Willie Weeks,bernardamanda@example.org,950-671-6431x2393,"28902 Kathryn Canyon Apt. 062, South Nicole, AL 66082"
8,Anthony Jones,otaylor@example.net,713-687-3220x865,"003 Le Oval Apt. 391, West Jonathan, NC 61635"
9,William Cox,katelynspears@example.net,(266)804-0735x4963,"Unit 6910 Box 0501, DPO AP 94013"
10,Dr. Phillip Morris,ygill@example.org,001-260-225-8853x3927,"USCGC Stewart, FPO AP 32407"
11,Robert Patton,anthonymitchell@example.org,675.667.9320x91568,"738 Reyes Lakes, North Robertshire, WV 36023"
12,Renee Parker,shirley20@example.net,420-431-8968,"6041 Eric Motorway, Port Patrick, SC 36905"
13,Joseph Black,melissasolis@example.com,(808)372-5260x1219,"1553 Lisa Neck, North Trevorfort, NH 83981"
14,Ryan Dunlap,steven07@example.com,(935)253-3389,"76196 Kevin Ways Suite 344, North Joanville, SC 46036"
15,Linda Sullivan,walterselizabeth@example.org,(203)312-5897x457,"249 Melissa Stream Apt. 410, Rogerschester, GU 90772"
16,John Thompson,davidsonkaitlyn@example.com,(388)302-0181,"560 Walker Forges, New Josephburgh, MD 74949"
17,Stephanie Gonzalez,brianjackson@example.net,001-925-275-9857x084,"099 Jessica Creek Suite 018, North Walter, WI 46245"
18,Patricia Summers,samanthalong@example.net,328-550-9374x540,"522 Carrie Street, West William, MI 06738"
19,Edward Fox,robbinsnicholas@example.net,509-266-7620,"861 Julie Parkways, Lake Jennifer, DE 96264"
20,Richard Whitney,joe16@example.org,780-812-0394x368,"967 Glen Stravenue Suite 781, West Brianton, AK 31706"
21,Jerome May,nzavala@example.net,5567161990,"63449 Rachel Views, Port Edwin, WY 89754"
22,Destiny Paul,gomezlori@example.com,672.786.9812x68223,"9878 Morgan Pines, South Brendaport, IL 65994"
23,Sara Meyer,cbryant@example.com,216.221.9707x44761,"985 Riley Drives Suite 071, Courtneychester, KS 70876"
24,Rachel Joyce,wangandre@example.net,(309)212-1800x25352,"933 Shepard Ford Apt. 899, Brookston, NY 74906"
25,Jonathan Taylor,mitchellapril@example.net,(791)345-8483,"134 Flynn Landing, Jenniferberg, OH 04265"
26,Wanda Crawford,ryandavid@example.org,(518)714-1999,"PSC 7839, Box 2788, APO AA 68408"
27,David Lopez,mayfernando@example.com,001-426-982-6716x2733,"37894 Erika Neck, West Lynn, CA 26200"
28,Dr. Julie Mitchell,catherineterry@example.net,001-843-657-3961x4088,"USNV Smith, FPO AP 26431"
29,David Nelson,wernerpatricia@example.com,317-754-4397x35658,"100 Cain Meadows, New Traci, KY 67516"
30,Sara Chan,jacqueline44@example.net,694.474.3978x971,"40108 Kramer Mission Suite 382, Kingport, AR 64825"
31,Brian Russell,wilsonmary@example.org,592-550-6512,"351 Diana Cliff, North Michealmouth, OK 02493"
32,Robert Solis,myersmelissa@example.com,747.928.7083x02518,"33725 Taylor Mountains, Michaelside, NV 07778"
33,Brandon Harmon,gkim@example.net,395.838.5616,"4693 Thomas Mills Suite 062, West Amandafurt, NC 73455"
34,Karen Bennett,susan08@example.org,001-981-419-0469x5435,"61490 John Lights, Waltersfort, HI 52821"
35,Charlotte Hobbs,kathryn07@example.net,870.351.1296x501,"9832 Cabrera Island, New Debbieburgh, NY 64044"
36,Sue Frederick,tmcintosh@example.net,623.544.1998x819,"2072 Soto Village Suite 102, New David, TX 02091"
37,Lawrence Gould,brian19@example.net,(940)648-2117x472,"685 Mack Mountains Suite 679, Lake Frances, GU 27546"
38,Larry Lowe,pamelasteele@example.com,+1-463-622-3972,"915 Sergio Fork Apt. 894, Emilyville, AK 29259"
39,William Schmitt,martincaitlyn@example.net,385-994-7029x21938,"Unit 2258 Box 7822, DPO AE 07854"
40,Maria Schmidt,pattonashley@example.com,+1-769-686-2786x527,"82404 Murray Ridge Suite 750, New Tiffany, MT 67772"
41,Angel Garner,kevinmyers@example.com,698.259.9979x12830,"001 Dunn Ports Apt. 642, North Jennaside, MP 62544"
42,Jamie Sosa,jeffrey81@example.org,985-332-2581x367,"01482 Ann Route, South Davidmouth, KY 00537"
43,Jaime Morrison,ryan70@example.com,001-220-842-4862,"5230 Colleen Pike, Schneidershire, UT 15783"
44,Johnny Weiss,scottrachel@example.com,782.529.5806,"37445 Paul Estate, Port Billy, DC 21270"
45,Jody Scott,espinozakimberly@example.org,(728)967-9177,"41541 Smith Keys, Stanleyside, IN 82365"
46,Brandon Simmons,joydavis@example.com,001-922-241-2571x99654,"320 Earl Springs Suite 072, South Desireetown, AR 36526"
47,Nathaniel Reid,baileyhughes@example.net,+1-599-640-9126x2229,"9784 Mcpherson Road, West Keithview, UT 80419"
48,Evan Mccormick,susanbell@example.org,(233)275-7898,"57163 Christian Bridge, Rodrigueztown, NC 01892"
49,Andrea Simpson,alicia93@example.org,788-403-6811x6164,"2654 Sarah Motorway Apt. 358, Lopezmouth, OH 32526"
50,Tracy Yoder,bdavis@example.com,334-902-6254x403,"8144 Vargas Ramp, Woodside, MP 26502"
51,Gloria Huffman,deleonalison@example.net,274.970.3927x7262,"2955 Cruz Way, Christinaburgh, FM 57132"
52,Tyler Herring,kathleen14@example.net,001-229-815-5082x16398,"970 Olson Rue, Patrickton, DC 95209"
53,Kirsten Rowland,bruce13@example.com,001-530-826-8011x018,"7768 Christopher Harbor, Lake Jeanburgh, FM 68847"
54,Christopher Donaldson,chavezbrittany@example.org,4488263890,"00605 Stephanie Vista Suite 934, Leahshire, NH 46610"
55,Stacey Rivera,rodgerswalter@example.org,+1-249-476-6981x06275,"67531 Gardner Dam Suite 701, Wendymouth, LA 28649"
56,Vincent Padilla,pbennett@example.org,(358)814-7483,"968 Cox Stream Suite 081, Pattonside, ME 76026"
57,Robert Werner,sherryvaldez@example.org,9477271661,"38986 Michael Pines, Rosstown, NH 58509"
58,Tammy Wilson,nathancooper@example.org,250-946-6811,"5786 Travis Cliff Suite 323, Smithhaven, NE 45156"
59,Sean King,hamiltonmichael@example.org,862.343.2975x66893,"29860 Gary Mill Suite 940, East Michaelhaven, VT 57237"
60,Kelly Johnson,normahuff@example.org,341-522-5571,"188 Henry Port Apt. 316, Margaretview, LA 79819"
61,Daniel Davis,elizabeth78@example.org,629-511-6175x239,"10111 Baker Trafficway, Jameston, CA 09911"
62,Stephanie Rollins,jennifermiller@example.com,001-975-419-9483,"12987 Gary Grove Suite 660, Port Connie, FM 75656"
63,Julia Rodriguez,ypeterson@example.net,963-903-2296,"2050 Davis Via, Derrickchester, NY 21274"
64,Sean Nash,lbrady@example.org,373-237-2322x14170,"1776 Rodriguez Meadow Apt. 567, New Jeffreyville, CA 69494"
65,Linda Boone,joseph80@example.org,+1-637-859-4354x97413,"30397 Mark Loaf, New Scott, MN 56423"
66,Ronald Williams,emily57@example.com,680-386-8014,"50312 Luke Ramp Apt. 952, New Stacyberg, CO 63143"
67,Joshua Hogan,reedlouis@example.com,910-708-8427,"USNV Gilbert, FPO AP 14159"
68,Michael Flores,briandavis@example.net,876-943-8532,"737 Graves Trail Suite 356, North Paul, WV 01198"
69,Garrett Schmitt,jeffrey74@example.net,001-554-309-1612x0617,"0436 Jennifer Roads Apt. 719, Amberview, WV 86678"
70,Claudia Cuevas,danielle14@example.net,(914)983-0752x986,"19218 Frey Square, Jessicatown, NJ 80720"
71,Jonathan Nguyen,jbennett@example.net,001-492-643-0716x9516,"6739 Singleton Vista Suite 984, Watsonland, CT 24897"
72,Jenny Atkinson,uwilliams@example.org,001-435-475-6641x029,"74154 Leroy Ways, West Gregoryville, UT 88544"
73,David Carr,davissean@example.org,(239)487-8664x2143,"461 Stephen Extensions Suite 399, Lake Ricardo, AK 85265"
74,Amanda Bennett,heather59@example.org,244.294.7228x50869,"1759 Garcia Branch Suite 721, New Cathyshire, CT 99925"
75,Christine Walker,kaitlynbarker@example.net,438-330-1972,"008 Monique Course, East Cynthiabury, AZ 96293"
76,Christina Chavez,adam57@example.net,817-943-0271x367,"265 Sheila Locks, New Leah, MH 83429"
77,Alexander Fields,michaeltapia@example.com,646.594.8381,"02160 Ebony Greens Suite 992, New Sherrytown, CT 62726"
78,Ryan Brown,stephanieramirez@example.com,(958)304-0951x612,"13222 Li Wells, New Charlesport, TX 12927"
79,Cheryl Morris,mooremichael@example.org,735-396-6976x5661,"4191 Esparza Station, Clarkberg, DE 12645"
80,Christine Winters,joshuajohnson@example.org,001-549-348-9212x966,"83702 Walker Manor, Lake Rebeccaberg, ME 32699"
81,Terry Robinson,morganbenjamin@example.com,+1-522-377-9187,"7404 Harper Glen, New Cody, SD 82825"
82,Christine Jackson,jennifer11@example.com,342.909.2526x1223,"46359 Ortega Pass Apt. 910, Phamhaven, ID 01182"
83,Jesus Gonzales,angela90@example.com,+1-774-887-1375x946,"528 Alexander Square Suite 202, Justinbury, MS 08922"
84,Stephen Hansen,katie31@example.net,3295079817,"4072 Scott Inlet, West Staceyfurt, MT 92317"
85,Christopher Keith,michael44@example.com,(436)458-9977,"600 Flynn Keys, Michaelberg, MA 93749"
86,Alice Wilkins,nicholas81@example.org,+1-974-296-0402x117,"313 Grant Rapid, Lake Sharon, NE 79270"
87,Adrian Lee,snyderlindsey@example.org,001-677-318-5300x2724,"19740 Elliott Bypass Suite 283, South Bryan, NJ 34700"
88,Jacqueline Mendoza,sarahgonzales@example.org,(324)666-9358,"0520 Richard Dam Apt. 886, Wellsville, NY 20981"
89,Brett Sweeney,emeza@example.net,964.776.8559,"84916 Kristina Expressway Apt. 319, Dawnmouth, ME 97607"
90,Tanya Byrd,john22@example.com,5192833509,"13064 Brandon Shores, Jonesmouth, NE 49563"
91,Charles Jones,swansonkatherine@example.org,+1-506-742-9134,"7196 Beth Alley, East Jenniferberg, PW 72284"
92,Matthew Stevenson,ellisonamber@example.com,970-841-5550x5911,"PSC 3746, Box 2018, APO AE 41828"
93,David Ibarra,natashaford@example.com,+1-815-600-4882,"Unit 2502 Box 3209, DPO AE 55953"
94,Jeremy Obrien,arroyomark@example.com,+1-786-309-9604x53406,"USNS Lopez, FPO AE 15702"
95,Michele King,ashleygarcia@example.net,830-710-3049x916,"672 David Road Suite 776, Lake Mikeview, IN 46241"
96,Jon King,smithnatasha@example.org,747-630-3782x3788,"12358 Adam Cape Suite 754, Pageburgh, IN 00535"
97,Jared Scott,xhurst@example.net,314-374-0861x862,"672 Michael Circles, Valenzuelaport, NE 27263"
98,Gloria Roberts,janicethompson@example.net,705-314-3741,"USNV Sweeney, FPO AE 63737"
99,Cindy Garcia,jeremywatkins@example.net,+1-913-913-7286x46491,"14284 Zimmerman Land Suite 046, East Michelle, NM 57832"
100,Matthew Martinez,jacksonedwin@example.net,469.742.7726,"PSC 8988, Box 0594, APO AE 47643"
101,Vanessa Morrison,uroberts@example.com,(800)770-3047x4977,"4069 Young Viaduct, Jacobsview, GU 39405"
102,Rebecca Gonzalez,parkerjennifer@example.org,(736)669-4195,"PSC 7802, Box 7365, APO AP 54953"
103,Paige Curry,toddmitchell@example.com,+1-850-655-2937x342,"219 Pamela Run, West Susan, LA 70985"
104,William Mason,robert42@example.org,+1-635-690-6282x279,"55627 Chapman Ports Suite 214, Jeffreyview, NM 31180"
105,Thomas Garcia,ramirezrobert@example.org,267.696.6565,"92178 Patty Key Suite 082, Mariestad, MN 16086"
106,Michelle Lopez,richard61@example.net,001-585-316-1912x3135,"0006 Harris Rapids, East Jennifer, AZ 69668"
107,Tonya Marks,noahhill@example.net,625.467.1934x9273,"USNV Morales, FPO AP 33212"
108,Jessica Tran,mhudson@example.com,531-704-5237,"8318 Jessica Oval, Lake John, VI 75612"
109,Kristina Frank,tonigibson@example.org,4168279763,"71465 Long Harbor Suite 065, Aaronview, MN 15377"
110,Natalie Owens,amanda24@example.net,001-332-242-3964x660,"1060 Jose Ridge Suite 120, North Danielleborough, MI 34330"
111,Shane Gomez,bryan49@example.net,(336)317-2137x81894,"95014 Glover Fields Apt. 780, South Kristinaland, IL 77614"
112,Samuel Rivera Jr.,elong@example.net,937.841.6249,"830 Forbes Estates Suite 636, Lake Emily, KS 41333"
113,Natalie Russell,qmiller@example.net,+1-899-359-4261x089,"469 Baker Hollow, Port Matthew, AL 98645"
114,Mary Nguyen,samantha81@example.com,943.779.0423x78078,"36810 Levy Spur Apt. 577, Mooretown, ME 09801"
115,Melinda Dougherty,anthonyrichardson@example.org,783.909.6303,"559 Kevin Walk, Robertsonstad, VT 92345"
116,Melissa Olson,cooperjonathan@example.com,649.962.1043x2188,"695 Robin Circles Apt. 395, South Elaineport, OH 90116"
117,Marvin Adams,davidsmith@example.org,001-520-733-2671,"34854 Marc Shoal, Schultzbury, HI 42305"
118,Derek Santana,ashleymontgomery@example.com,902.764.3956x0240,"388 Hood Street, New Paulhaven, WI 70548"
119,Kimberly George,wagnerjon@example.net,385-419-2006x8986,"624 Wallace Valleys, Singletonborough, OK 95017"
120,Victoria Herrera,makayla86@example.net,264-590-1765x73673,"328 Campbell Lock, Pachecoberg, MO 28259"
121,Benjamin Russell,peckchristina@example.com,001-951-430-5904x23029,"4708 Harris Track, New Amyburgh, NE 52275"
122,Scott Richard,wscott@example.net,224-878-9563x3433,"15885 James Haven, Youngview, IA 64259"
123,David Gilmore,martinezomar@example.net,336-996-1604,"6153 Kathleen Manor Apt. 415, Nicholasstad, MO 67439"
124,Robert Jennings,dustin98@example.org,+1-626-808-3636x31877,"00952 Megan Overpass Suite 883, Davismouth, MI 25232"
125,Tiffany Smith,shanegardner@example.com,(990)991-1588x96846,"71876 Cody Ways, Kellymouth, AK 26579"
126,Anne Perez,nathangarcia@example.net,470-645-0569x005,"30967 Roberts Isle, Medinaville, MT 26047"
127,Joshua Johnson,ryansmith@example.org,921-404-2969x702,"860 Julie Freeway Apt. 699, Darrenfurt, NC 49708"
128,Larry Norris,mbrown@example.com,423-677-7259,"75750 Rachael Shores, Karenborough, IN 51236"
129,Jessica Martinez,kimberlyprice@example.org,395-644-5449,"Unit 2200 Box 3516, DPO AP 85096"
130,Whitney Fuller,donaldphillips@example.org,758.519.0666x929,"1827 Michelle Inlet Apt. 008, West Heather, KS 97324"
131,Haley Moore,abigail17@example.com,514.641.4706x289,"739 Drake Locks, Roblesshire, WI 81970"
132,Sandra Smith,brownmaxwell@example.net,831-668-4895x93242,"539 Reynolds Via, Edwardburgh, NV 23585"
133,Charles Sherman,markhill@example.com,(371)254-8304,"0035 Nicholas Street, Bowmanfurt, DE 97428"
134,Michael Boyd,eallen@example.net,(377)559-7232x326,"558 Taylor Expressway, Chapmanfort, NE 24856"
135,Mary Gonzalez,andrenguyen@example.com,+1-795-314-3632,"1250 Smith Coves, Shanehaven, MP 36185"
136,Mrs. Mary Turner,jasondavis@example.org,001-252-204-8831x43243,"556 Vazquez Hollow, North Kathrynshire, PR 94632"
137,Angela Rogers,mpena@example.net,(542)587-4584x7139,"44937 Jackson Ports Apt. 488, North Vincent, OK 82910"
138,Ryan Vazquez,meredithharper@example.net,584.599.5325,"8651 Salazar Fort, Geraldton, CT 82852"
139,Timothy Davis,andrewlopez@example.net,001-380-891-0843x073,"73803 Townsend Station Suite 673, Port Kelseyshire, PR 60814"
140,James Rodriguez,lisa76@example.com,001-568-478-8828x058,"818 Sarah Square, Lozanotown, OH 24105"
141,Marilyn Johnson,gregory75@example.net,732-389-7657x799,"294 Paul Via Suite 162, New Kevin, TN 38006"
142,Kayla Rios,feliciawaters@example.net,001-545-494-0821x4780,"752 Bradley Fields Suite 268, North Julie, NV 28286"
143,Jason Greene,nwilliams@example.net,767.479.6840x025,"1963 Powell Vista Suite 490, Johnsonmouth, ID 46880"
144,James Alexander,austin63@example.com,(643)308-0694x54015,"722 Dawn Prairie Apt. 018, Mariaburgh, NE 24744"
145,Vincent Mosley,laurenreyes@example.org,200-738-4387x106,"8942 Jerry Stream Apt. 837, South Stephen, MA 09681"
146,John Brown,davidsheppard@example.com,399.497.0998x267,"USNS Martinez, FPO AE 78138"
147,Robert Cross,daniel51@example.org,+1-237-810-5123,"Unit 6415 Box 3395, DPO AA 62332"
148,Richard Young,kennethliu@example.net,001-565-426-5803x8600,"596 David Freeway, Thomasport, OK 94524"
149,Christopher Cox,michelle42@example.net,+1-989-757-5044,"764 Walls Isle Suite 632, Wilkinsonburgh, MI 53375"
150,Kristin Holmes,brettgutierrez@example.org,5248672142,"0407 Cassandra Summit Suite 687, Hudsonside, NY 35000"
151,Michael Guerrero,osmith@example.org,001-402-688-4931x8950,"976 Brenda Courts Suite 183, Raymondshire, TX 82394"
152,Alison Montgomery,mcgeewilliam@example.net,913-896-1424x27409,"442 Lowe Station Apt. 384, South Tiffanyville, OR 48775"
153,Misty Grant,lbaxter@example.com,001-391-533-6946x7800,"21908 Walker Cliffs Apt. 666, North Belindatown, WY 87052"
154,Kyle Wolf,allenkimberly@example.org,469.267.8509x3420,"935 Black Lane Suite 011, Port Cameron, AZ 83166"
155,Kimberly Oliver,knightlucas@example.com,867-297-6340,"USNS Clarke, FPO AA 83531"
156,Brandon Russell,david35@example.net,001-896-638-6393x99416,"85789 Debbie Greens, Brittanyview, OK 74499"
157,Danny Contreras,thomasjane@example.org,273-415-3911,"185 Joshua Port, Tannertown, UT 51120"
158,Mark Aguilar,shorne@example.org,684-269-2813x2402,"1238 Megan Squares, North Valerie, WY 21068"
159,Brandon Smith,brandonrobinson@example.org,001-214-997-8189x81306,"7807 Larsen Islands, Seantown, ME 44279"
160,Laura Marshall,elizabeth72@example.net,(436)221-4212x56807,"251 Lee Gateway Suite 479, South Heather, AS 19877"
161,George Santiago,chad39@example.com,(537)972-9062,"456 Flores Way Suite 324, Charleston, CA 54408"
162,Walter Perkins,hrodriguez@example.net,001-502-951-2666x521,"8147 Price Prairie, Nicholasbury, TX 16595"
163,Alexis Graham,mwright@example.com,548-284-9330,"102 Hicks Alley Suite 665, New Whitney, WV 60112"
164,Thomas Pace,lowerylisa@example.org,271.366.3828x85779,"56812 Morales Gardens Apt. 011, Judyview, MA 73368"
165,Paul Watkins,duranmichael@example.org,615.828.6888x076,"243 Foster Roads Suite 353, North Courtney, VI 33055"
166,Scott Thompson,chad51@example.org,816.317.9603x5643,"55087 Matthew Station Apt. 845, North Antonio, WY 69036"
167,Jeremy Chen,maymichelle@example.com,001-424-388-2343,"0389 Stephanie Pine Apt. 566, North Reneechester, IN 50802"
168,James Hill,zbrown@example.org,432-544-5080,"6141 Gill Ridges Suite 903, Port Angelafurt, WV 41731"
169,Jaclyn Terry,kimberlyhall@example.com,(739)215-1445x40406,"152 David Drive, East Blakemouth, MA 87054"
170,Sabrina Aguilar,gonzalezjennifer@example.com,894-783-3283x2002,"1775 Davidson Glen Suite 210, Bryanmouth, MA 16187"
171,Robert Morris,donaldrussell@example.org,669.558.1656,"7988 Matthew Corner, Lake Danaborough, MD 74976"
172,Tiffany Rowe,dodsonamanda@example.org,001-404-745-7329,"7000 Elizabeth River Apt. 094, Nicoleberg, IN 54921"
173,Susan Williams,kristy00@example.net,(443)698-5956,"61350 Moon Ford Suite 593, Jeanetteview, MT 52694"
174,Jackson Hicks,kenneth56@example.net,+1-703-219-7811x3491,"6689 Bradley Circles, Cynthiaview, UT 46263"
175,Dawn Young,rhampton@example.com,219-414-6952x3077,"621 Julie Isle Apt. 490, South Brittanyside, SC 37642"
176,Thomas Keller,xsuarez@example.net,456-494-5590x217,"551 Pittman Manor Suite 833, Colliershire, ND 74781"
177,Calvin Weiss,gallegosmegan@example.com,+1-974-476-6438x3339,"98264 Chang Rapid, Perryberg, WY 19342"
178,Elizabeth Prince,benjamin48@example.org,(599)914-0638x7083,"8872 Ferguson Islands, Moralesmouth, UT 18726"
179,Jessica Donovan,tonya41@example.net,812-466-2867,"1403 Ross Orchard Apt. 991, East Shannon, SD 25161"
180,Gordon Thornton,megan86@example.net,(536)939-6739x585,"32581 Davis Expressway, Adamside, MH 24777"
181,Angela Cooley,douglas78@example.org,001-558-939-7745x90579,"513 Brendan Park Apt. 067, Alanton, ID 35192"
182,James Pierce,ramirezmatthew@example.org,(213)779-0882x4097,"00340 Montgomery Mount Apt. 393, Alyssashire, NM 60208"
183,Dr. Janet Esparza MD,angelahill@example.com,419-412-7261x5080,"1583 Lisa Brooks Apt. 442, Barbaraville, NM 67239"
184,Wesley Baker,derricksimon@example.net,001-452-546-7226,"133 Ann Rapids, North Dylan, AL 87334"
185,Diana Reilly,brandon49@example.org,+1-356-875-0383x7593,"000 Knapp Pines Suite 136, South Tiffanyborough, MH 30377"
186,Haley Osborne,elizabeth80@example.org,801-363-4107x226,"605 Dennis Valley, Port Michael, MI 85508"
187,Molly Frank,charleslewis@example.net,+1-235-248-4514x7189,"56006 Caitlyn Motorway, West Marvinshire, MA 01625"
188,Matthew Meyer,taylormorse@example.net,+1-326-466-4576,"34881 Higgins Squares Suite 076, Lake Roberthaven, DE 40498"
189,Dale Bishop,vdavis@example.net,+1-294-305-6673,"83308 Rush Greens, West Sylvia, PA 87743"
190,Justin Howard,rosevickie@example.com,001-532-326-2598x35231,"9947 Mitchell Corners, North Joshua, VI 16322"
191,Samantha Thomas,tiffany56@example.com,648.736.7741,"4988 James Gardens Apt. 218, Port Michael, AR 66785"
192,Katherine Cook,knguyen@example.org,+1-550-887-9356x370,"92865 Carly Cliffs, Lake Alexandra, MD 14718"
193,David Cohen,villanuevaderek@example.com,(938)212-5241,"4617 Clark Underpass Apt. 735, North Tonya, CO 61922"
194,Joseph Griffith,nancy62@example.net,(382)330-8225,"456 Michelle Field Suite 027, Leestad, IN 78907"
195,Bradley Murphy,nancycarter@example.net,(992)626-1917x7426,"5199 Chelsey Points Apt. 306, Lake Erintown, MS 29428"
196,Darren Ward,stevensdavid@example.com,+1-211-602-5761,"836 Bean Heights, Matthewshire, CO 73008"
197,Kathleen Robertson,nrivera@example.com,732-510-4043x60572,"732 Hunter Turnpike Suite 561, Parrishville, CT 54910"
198,Paula Smith,aaronhughes@example.org,+1-689-881-8671,"329 Washington Greens, Lake Davidhaven, MP 45754"
199,Charlene Price,cbarnett@example.org,(454)761-9358x1643,"204 Alicia Station, New Daniel, IN 00666"
200,Melanie Roth,kelsey64@example.org,576.719.1389x4529,"61949 Silva Village, North Ronaldburgh, TN 96821"
201,Kristin Boyer,christiandavis@example.org,763-898-9998x6246,"Unit 5463 Box 6700, DPO AA 59106"
202,Amy Snow,velezchristine@example.com,(505)629-9582x735,"593 Cynthia Estates, East Melissa, DE 04406"
203,Rhonda Peterson,msimmons@example.net,001-560-936-6283x90060,"66848 Henderson Ridge, Jacobsfurt, LA 30838"
204,Edward Beard,achapman@example.net,366-969-2863x7832,"17798 Castro Oval, Danielleberg, ID 00740"
205,Michael Hudson,jesus70@example.com,980-939-9213x65049,"879 Warner Overpass Suite 229, New Ashleyville, PW 37451"
206,Anna Landry,martinhogan@example.org,(722)247-2161x1857,"365 Horton Locks Suite 368, South Danielburgh, WV 24945"
207,Michael Smith,bcummings@example.org,716.629.9688,"0276 Leslie Shore, Torresville, VI 39804"
208,Jonathan Brown,shelby13@example.net,+1-856-911-1521,"53590 Frank Field, Lake Robertmouth, KY 80443"
209,Zachary Wright,brian43@example.org,+1-484-995-9910x51755,"56565 Robin Ramp Suite 933, South Charlesburgh, WV 97910"
210,Donald Ray,grossbrandon@example.com,290-830-4784,"252 Hannah Locks Apt. 577, Gordonview, MD 08729"
211,Laura Gillespie,barryadam@example.org,(711)926-5023,"679 Melanie Stravenue, Port Hunterfort, ID 95848"
212,Melanie Koch,zlewis@example.org,+1-733-893-8602,"6691 Martha Loop Apt. 685, Port Jamesfort, NY 27425"
213,Amy Hays,shawn53@example.com,344.728.9672,"43830 Nguyen Valleys Suite 283, Joanneberg, GU 97469"
214,Megan Thomas DDS,annahawkins@example.org,911.945.0664x4529,"Unit 6554 Box 1068, DPO AP 91056"
215,David Pham,cbrown@example.net,+1-261-968-7744x246,"1147 Brian Vista Apt. 273, South Jenniferland, WV 02001"
216,Denise Mitchell,nathanwilliams@example.com,837-297-6540x406,"19706 Gabrielle Cape, Brandymouth, NY 13873"
217,Denise Moran,sarahfleming@example.org,9256916806,"642 Kim Court Suite 468, Luishaven, CO 10190"
218,Ashley Rivera,jonesjeffrey@example.com,001-796-677-9974x5884,"490 Matthew Plaza, Carlfurt, HI 34563"
219,David Pham,hancockjennifer@example.net,5088842561,"154 Reid Cliff Apt. 635, East Joseph, SD 07612"
220,Jake Anderson,sevans@example.net,001-573-818-0129x43073,"489 Michele Stream Suite 770, Laurenberg, MD 57681"
221,Andrew Boyd,charles17@example.net,906.580.6830,"731 Michael Drive, Alyssafurt, FM 19911"
222,Joseph Wilson,sullivanmichelle@example.net,488-501-3529,"Unit 7118 Box 2020, DPO AE 56165"
223,Ricky Williams,tgarcia@example.org,692.919.9695x28125,"2145 West Estate Apt. 921, West Brian, OR 20844"
224,Sara Ward,dmccormick@example.com,001-707-746-6760x676,"4797 Andre Parkway, South Jason, AR 99368"
225,Harold Flowers,hurstmichael@example.net,+1-730-701-5228x480,"420 Jeffrey Hills, East Vanessatown, AL 61617"
226,Matthew Kelly,ashleycook@example.net,618.963.5914,"264 Serrano Crescent, South Stephanieview, IL 08768"
227,Penny Fowler,kathleen36@example.net,896.256.8005x13822,"652 Brown Village, Delgadoburgh, OH 23790"
228,Jonathan Watson DVM,francisjohnson@example.org,882-413-5917x022,"Unit 5330 Box 1896, DPO AA 87386"
229,Felicia Evans,laurencopeland@example.org,+1-397-715-1042x8399,"86559 Deborah Freeway Suite 960, North Joshuaberg, NM 63478"
230,Katie Myers,campbelljames@example.net,353-282-6861x9398,"452 Zachary Cliffs, Lisamouth, UT 48571"
231,Daniel Parker,halljoshua@example.com,(803)815-8236,"964 Richard Walks Suite 938, Bellville, NC 36451"
232,Thomas Vazquez,gabriel74@example.net,6222438804,"23512 Hayden Pines, Chapmanbury, MO 84241"
233,Brian Clark,hawkinsjon@example.net,814.453.7804x859,"864 Jones Skyway Suite 470, New Amyberg, LA 17603"
234,Holly Sullivan,cooperalejandro@example.com,(309)346-0534,"375 Tony Isle, South Victoria, MT 31474"
235,Christina Mann,ricardosmith@example.net,+1-926-960-0815,"857 Blake Lane, Kellymouth, MD 07445"
236,Margaret Watkins,jacob38@example.org,467-306-7345x1030,"66539 Parker Springs, Hufffort, TX 46151"
237,Keith Wade,benjamintate@example.com,(800)487-5287x780,"501 Kelly Harbors, Lake Leslieton, MS 80057"
238,Gabriel Robinson,adamsrichard@example.org,(303)633-2619,"19275 Grant Ridge, Changshire, NC 62385"
239,Jordan Warren,melissajenkins@example.com,(848)486-4653,"3177 Diamond Summit Apt. 344, Lake Denisetown, VA 67457"
240,Charles Ross,kathy79@example.com,2097993387,"306 Williams Street, New Charlesstad, SD 05797"
241,Jay Wilson,amyrangel@example.org,001-350-305-2929x8642,"7384 Davis Falls Apt. 398, Lake Shaneport, NE 91560"
242,Elizabeth Mathews,courtney88@example.org,+1-650-390-5661x647,"451 Schmidt Street Suite 162, Vanessabury, NV 82130"
243,Christopher Steele,barnesjames@example.net,597-726-7418x7393,"USNS Carr, FPO AE 51156"
244,Jose Zimmerman,johnreed@example.org,5628410730,"13954 Melissa Ramp Apt. 854, East Dawnfurt, LA 93145"
245,Margaret Washington,ramosdiane@example.org,(222)428-2159x75854,"759 Carla Flat Apt. 801, North Zachary, ID 36274"
246,Nicholas Olson,lisa36@example.org,252.964.0481x1565,"383 Benjamin Trail Suite 874, New Nicholastown, MT 70073"
247,Daniel Kennedy,suzanne15@example.net,964.753.2351x431,"3177 Erickson Stravenue, East Danielmouth, NM 15071"
248,Monica Gaines,zklein@example.com,758-927-9406,"5026 Frazier Radial, Hesterland, CA 29751"
249,Jonathan Stout,joshua32@example.com,861-820-4136,"097 Davis Canyon Suite 712, Lake Jessicafurt, MH 03260"
250,Joseph Rocha MD,fpowell@example.net,725-232-0030,"198 Schultz Passage Suite 260, South Randychester, ID 36635"
251,Terri Bell,sandrathomas@example.org,(823)647-1059,"96856 Lopez Landing, Port Ryan, CA 11077"
252,Melissa Lopez,wilsonchristie@example.com,801-827-2237,"83433 Catherine Tunnel, Port James, HI 92325"
253,Sarah Pearson,mandywilliams@example.com,8602431348,"730 Johnson Prairie Suite 126, Sandersstad, FM 32901"
254,John Pearson,torrespaul@example.net,2959373758,"526 Christopher Flat, North Darrenview, MH 65668"
255,Shelly Miller,gilesbrandon@example.org,598.660.4132,"30568 Ashley Brook, East Latoya, LA 74811"
256,Katrina Moore,jillrodriguez@example.net,(605)449-9892x51816,"Unit 4939 Box 0337, DPO AE 97877"
257,Mario Hobbs,kmolina@example.net,001-933-546-7422,"215 Hernandez Prairie Suite 099, Rodgerschester, MS 13810"
258,Shelia Wilkins,ufowler@example.net,+1-532-606-2776x94654,"999 Elizabeth Crest, West Jacqueline, PR 54577"
259,Carl Young,qnelson@example.com,203-696-0479x546,"Unit 2400 Box 3065, DPO AA 53735"
260,Walter Jenkins,sandra18@example.net,(571)504-8135,"Unit 1310 Box 2403, DPO AP 03512"
261,Lisa Arroyo,jenniferterrell@example.net,(308)377-7053,"61266 Sarah Track Apt. 206, Haroldberg, GU 08912"
262,Amanda Mason,pricedaniel@example.org,824-919-0690x91685,"4551 Coleman Ridges, North Matthew, NH 16146"
263,Katelyn Ruiz,kevinnelson@example.org,(681)486-2512x03570,"PSC 6656, Box 2265, APO AP 17072"
264,Leah Preston,harristhomas@example.org,(627)347-3438x721,"Unit 7371 Box 2388, DPO AE 84938"
265,Todd Christensen,robertmitchell@example.com,247.798.9676,"2619 Watson Turnpike, West Cody, AS 83323"
266,Matthew Cooper,adamwilliams@example.com,+1-939-441-2236x9126,"1179 Lisa Hill, Leslieberg, NH 58429"
267,Vanessa Abbott,darryl87@example.org,793-268-5711x806,"750 Alex Mount Suite 732, Russellbury, MI 91499"
268,Alison White,angela06@example.com,405-519-9658x132,"08259 Gonzalez Manor, West Philipport, VA 10091"
269,Benjamin Dean,djohnson@example.com,908.356.1472x96356,"PSC 2361, Box 4895, APO AP 50485"
270,Alexander Butler,aguirremelody@example.net,001-577-646-7906x55822,"538 Parker Extensions, Zhangburgh, NC 20895"
271,Victoria Townsend,bradley36@example.com,001-381-431-1093x872,"6143 Seth Row Suite 408, East Olivia, HI 56677"
272,Dustin Boyer,robleswilliam@example.org,001-348-978-6068x276,"USCGC Curtis, FPO AA 06734"
273,Daniel Patterson,vvazquez@example.com,573-969-4800x65153,"4122 Gina Plains Suite 844, Brendaton, KY 90377"
274,Melinda Green,nathancain@example.org,792.732.4747,"USCGC Sanders, FPO AE 02409"
275,Robert Long,samanthasimon@example.com,001-456-237-7036x6157,"328 Alicia Trail Suite 201, Brewerchester, MI 55723"
276,Linda Arnold,ccastillo@example.net,(490)932-3834x3598,"Unit 9884 Box 5741, DPO AP 18388"
277,Elizabeth Martinez,josephatkins@example.net,+1-671-392-3946x244,"8832 Erin Canyon, Hutchinsonton, IA 54615"
278,Robert Murray,colemankimberly@example.com,(422)203-9813x938,"07880 Doyle Terrace, East Alejandro, WI 91919"
279,Julie Alvarado,megandougherty@example.org,333-271-5666,"06885 Hatfield Highway, North Jeffreymouth, MT 49981"
280,Dustin Barber,carlosmorgan@example.net,425-304-4015,"35349 Schwartz Via, Angelaburgh, MN 58287"
281,Alexis Koch,sgreer@example.org,(420)814-1843,"5557 Megan Circle, Port Lisa, LA 29424"
282,William Turner,tammypatterson@example.org,671.484.7621x82059,"405 Kathryn Camp, Port Matthew, KY 38964"
283,Jessica Perkins,ivargas@example.com,927-520-9496,"04800 Hernandez Center Suite 029, Jasonland, MS 47308"
284,Marilyn Fernandez,sethlee@example.com,832-980-3967,"761 Garcia Coves Suite 513, New Daniellefurt, NV 07369"
285,Samuel Austin,clloyd@example.org,(729)510-0811x2378,"788 Frederick Drive Apt. 833, Timothymouth, CO 32759"
286,Norma Lowery,thompsondaniel@example.org,6096542704,"8174 Dylan Harbor Suite 731, Reyesburgh, FM 94897"
287,Dana Lee,tina03@example.org,(452)481-2518x6567,"55429 Coleman Greens, Williamsport, GU 80644"
288,Ashley Jones,nicholehendricks@example.com,927-868-5005,"97172 Robert Oval Apt. 618, Harveyburgh, VA 98380"
289,Cindy Klein,hfowler@example.com,001-278-399-4465x53160,"633 Patricia Plain Suite 750, Port Eduardoland, KY 50808"
290,Jorge Gregory,michelle43@example.com,472.218.5728,"51336 Christian Road Apt. 547, East Vanessabury, OR 01406"
291,Samantha Ford DDS,stephanie72@example.com,420.280.9666,"57424 Sarah Field Suite 892, South Brendaland, PW 27582"
292,Vincent Prince,rzimmerman@example.com,5569660453,"8744 Lindsey Plaza, Bishopborough, CO 34975"
293,Wendy Landry,yvonne92@example.net,344-712-2957x725,"822 Smith Crossing Suite 668, Carlsonshire, FL 63750"
294,Karla Wright,abbottdonna@example.com,365.818.8237x88540,"40442 David Lodge Apt. 141, Elliottport, PA 81291"
295,Karen Mcfarland,cisneroscheyenne@example.org,344-331-7366,"00750 Garcia Orchard Apt. 937, South Pamela, WV 86832"
296,Lauren Bates,tbaird@example.com,606-341-7146x034,"773 Stephanie Union, North Justin, NJ 04783"
297,Kendra Vaughn,darylboyd@example.com,4457695019,"19045 Logan Street Suite 981, Jamesview, MI 21488"
298,Samantha Smith,kempjennifer@example.net,001-941-982-0666x88511,"552 Kenneth Landing Apt. 013, Juliaview, LA 85985"
299,Melissa Mcmillan,twilson@example.org,(217)947-7469x07182,"6824 Johnson Grove Suite 220, Port Dannystad, AS 90568"
300,James Mcmahon,evelyngarcia@example.org,+1-442-795-7350x81327,"703 Greene Motorway Suite 649, Raymondberg, NY 41267"
301,Rodney Myers,ydrake@example.com,(919)332-6693,"PSC 0631, Box 1451, APO AP 95026"
302,Jacqueline Cain,qjohnson@example.org,693.243.4933,"USNV Smith, FPO AP 48827"
303,Paige Thomas,george07@example.org,577.732.0057x993,"3405 Hull Trail Apt. 622, Williamsmouth, VA 55674"
304,Robin Stein,james10@example.com,+1-702-617-9002x5569,"96201 Romero Views Suite 008, Ryanland, AK 10921"
305,Jessica Kent,patricia87@example.com,+1-877-363-8723x2250,"2224 Mary Circle, Parkerport, FL 47837"
306,Ryan Best,diana85@example.net,904.765.5021x2665,"6719 Judy Forges Apt. 136, Smithberg, VA 31564"
307,Robin Garcia,oreed@example.org,658-483-2882x63556,"66712 Richard Creek, Lake Davidville, MI 71263"
308,Brittney Gonzalez,wellsjonathan@example.org,001-366-533-7321,"23512 Mitchell Trail Suite 727, Perryport, NE 58866"
309,Lydia Martin,crystal11@example.com,608.760.5768x3119,"14644 David Trafficway, Kellyland, MN 34659"
310,Sonia Brooks,joseph19@example.net,+1-808-474-4009x7423,"526 Connor Crest Suite 542, North Ryanhaven, AR 18155"
311,Mckenzie Young,harrisanthony@example.net,001-763-952-2934x135,"16880 Ricardo Village Apt. 187, Lake Johnburgh, CT 29112"
312,Robert Hopkins,huntrachael@example.com,(585)413-7854,"5865 Taylor Crossing Suite 684, Amandamouth, AK 12744"
313,Lonnie Anderson,cameronwong@example.org,207.709.8638x1565,"40592 Marc Orchard, Alvaradoside, MN 32089"
314,Charles Graham,tbeasley@example.com,4902749630,"114 Bass Courts, Charlesmouth, KY 96011"
315,Brady Bryant,orodriguez@example.com,+1-866-899-1521,"Unit 4338 Box 8107, DPO AA 26320"
316,Ricky Combs,imiller@example.org,739.266.5613,"176 Valerie Knoll Suite 201, West Tami, TX 26052"
317,Gina Hall,jamesdonna@example.com,231.477.3495,"PSC 2378, Box 1292, APO AP 38011"
318,Mark Elliott,mark26@example.com,(841)518-4530,"224 Joseph Spring, Williamsmouth, ME 95752"
319,Gregory Williams,pbennett@example.net,+1-944-774-3690x6495,"070 Mary Springs, South Johnhaven, HI 99791"
320,Samantha Singleton,robertsjuan@example.org,404-798-1699,"2226 Caleb Curve Apt. 319, Mcgrathview, MP 94966"
321,Lisa Mendez,scottsamantha@example.com,366-203-3914x044,"1947 Peter Plain, South Edward, OK 57625"
322,Donald Burch,mitchelljennifer@example.org,(732)677-8820x26661,"PSC 3572, Box 5832, APO AA 02183"
323,Ruben Howell,trevor89@example.com,+1-746-747-2612,"0566 Emma Landing Apt. 268, New Anneside, MA 72181"
324,Joshua Miller,kcarpenter@example.org,+1-754-509-6727x30594,"9631 Chapman Mountain, Matthewbury, AR 73198"
325,Sandy Martinez,carrkristin@example.net,3016051543,"7916 Denise Circles, Port Sarahtown, ID 85605"
326,Courtney Mckinney,john05@example.net,4659321258,"882 Acevedo Road Apt. 503, Port Joshuaberg, AR 18073"
327,David Smith,gillespiecindy@example.com,780.533.9181x471,"47753 Kimberly Mills Apt. 369, Grayfort, ME 02319"
328,Katherine Davis,leblancjonathan@example.com,001-693-390-1475x93184,"953 Derek Port, West Richardton, FL 58701"
329,William Ross,andrebarton@example.net,(811)686-9464,"162 Lopez Corners Apt. 991, Sandrashire, RI 95078"
330,Gabriel Horton,taylor68@example.com,001-551-253-0046x2957,"84605 Robinson Estates, East Brian, MO 31069"
331,Corey Maxwell,mlopez@example.org,001-260-327-6211x7141,"0697 Valdez Mission Suite 965, Kurtview, ID 88634"
332,Sara Reyes,lopezbianca@example.org,714-558-5301,"1625 Williams Shoal, Robertmouth, MO 25413"
333,Linda Leonard,mariahernandez@example.org,(779)854-4628,"54160 Anthony View Apt. 733, Jamesborough, PA 61487"
334,Mr. David Hall,jacksonbobby@example.org,+1-379-945-4426x818,"86692 Jonathon Rest Suite 176, Port Loganton, VA 98821"
335,Lauren Cook,floresdanielle@example.org,001-437-820-4929x79114,"683 Jeanne Ford, South Mark, RI 96561"
336,Kendra Williams,michelle43@example.net,(859)947-2649,"662 Weaver Forest Apt. 723, Williamsland, NC 41353"
337,Desiree English,tthompson@example.com,639-457-8568x21805,"646 Austin Walks Suite 466, North Lauraville, MH 34656"
338,Caleb Brown,coxbrandy@example.com,(500)625-8118,"5296 Romero Stream Apt. 824, Collinschester, SC 17168"
339,Justin Burton,wmiller@example.net,4388804124,"76920 Kathy Flats Suite 742, Tamarashire, VT 96227"
340,Amber Herman,zacharyhernandez@example.net,001-901-846-0264x7191,"074 Duke Skyway Suite 096, Port Heathermouth, ND 85219"
341,Kyle Mcguire,laurenmartin@example.net,507-609-0119,"346 Andrew Fork Suite 976, Brownfort, VA 29860"
342,Kevin Stephenson,nicholasgonzalez@example.com,703.557.4251x79877,"494 Gregory Fall, Lake Tanyafurt, ME 73212"
343,Tammy Monroe,alyssa31@example.org,(451)469-5282x72432,"053 James Falls Suite 369, Angelaview, MI 94566"
344,John Smith DVM,melissa57@example.com,001-939-342-0010x16671,"900 Steven Parkways, West Ricky, WV 93915"
345,Natalie Choi,ashley46@example.com,370-414-3328x937,"892 Taylor Run Apt. 048, Port Michaelborough, MD 08183"
346,Stephanie Dougherty,lawrencecatherine@example.net,623-410-0003x182,"00702 Thomas Valley Suite 132, Lake Bradley, AZ 52578"
347,Crystal Horn,clarkcarl@example.org,505-241-8147x8751,"776 Austin Squares Suite 466, Walkerland, GU 54812"
348,James Rodriguez,vlynn@example.org,207-405-7859,"5491 Wilson Forks, Mitchellland, AZ 89897"
349,Loretta Wallace,johnny25@example.org,887.380.8497,"32538 Jamie Springs, Donaldchester, AK 70543"
350,Maxwell Ford,santosbenjamin@example.org,+1-286-964-6055x461,"7012 Kenneth View, West Victoria, PR 41259"
351,Angela Rice,clarktina@example.com,3814588442,"66276 Timothy Springs, Morrismouth, GA 58029"
352,Yvonne Greene DVM,joseph95@example.net,(895)619-6040,"693 Melissa Field Apt. 006, Brownburgh, VT 82842"
353,Christina Bowers,jennifer97@example.org,513.599.2877,"7322 Crystal Extension Suite 142, Whitemouth, MI 08862"
354,Jennifer Clay,brian37@example.org,001-594-798-3899,"1820 Monica Port Suite 162, Port Lindatown, RI 55276"
355,Jason Le,obrandt@example.net,857.571.3859,"61003 Kathleen Shoal, East Susanfort, AS 04462"
356,Tonya Hinton,allison92@example.net,886-545-0061x7483,"57891 Stewart Flat Suite 816, North Kenneth, VT 52293"
357,Traci Bailey,kwarren@example.com,358-398-0220x66159,"23791 Lee Station, Wilkinsshire, OK 62126"
358,Randy Robinson,alyssa75@example.com,001-737-206-3157x719,"Unit 2556 Box 5927, DPO AA 01501"
359,Thomas Bishop,craig05@example.org,(470)313-0524x3116,"225 Robert Route Apt. 926, New Dylan, OR 81489"
360,Thomas Webster,agraves@example.com,6797497026,"0535 Dakota Vista, Hendersonmouth, DE 74896"
361,Christopher Johnson,brandon08@example.com,380.243.6035,"4950 Butler Brooks, Lake Brenda, NE 14016"
362,Donald Sullivan,clintondickson@example.com,+1-899-242-9768x922,"943 Mcgrath Mountains, Michaelfort, WV 58126"
363,Jeremiah Fox,ipotter@example.org,(904)221-2410,"39039 Maria Stream, Anthonyfort, OR 51790"
364,Chris Clay,lauracook@example.org,001-665-406-4481,"001 Jillian Drive, West Felicia, NH 75095"
365,Bryce Becker,morgandaniel@example.org,(729)295-6783x42559,"1828 Johnson Flat, Kellyside, AL 02478"
366,Robert Dickerson,dawnwall@example.net,308-280-4584x799,"6302 Ruiz Hills, Lake Katherine, MN 98329"
367,Joshua Lewis,alexander32@example.com,388.781.7904x191,"USCGC Jones, FPO AE 84313"
368,Heidi Guzman DVM,christina06@example.org,(335)385-8551x928,"PSC 7925, Box 1744, APO AA 41648"
369,Nicholas Velazquez,benjamin60@example.net,786.319.1853,"35860 Roy Squares Suite 817, New Kathleenshire, ID 82792"
370,Christopher Sweeney,pearsonjason@example.com,(546)740-5107x26146,"455 Kaitlyn Plaza Apt. 004, Lake Michaelfort, MP 46631"
371,Desiree Adams,philip14@example.com,371-531-1479,"5051 Derek Manors Apt. 930, Murphyberg, AR 92068"
372,Rebecca Gutierrez,kimberly81@example.org,778-713-2278,"PSC 8753, Box 2674, APO AA 54084"
373,Ebony Flores,cooperaaron@example.com,001-227-575-4288,"2761 Mary Roads, South Rhondafurt, MO 98533"
374,Helen Clark,bishoplauren@example.org,+1-231-618-0209x186,"0630 David Mills Apt. 701, Maryberg, OR 66065"
375,Tracy Curtis,treid@example.org,001-533-830-6462x97430,"65747 Brett Extension Apt. 880, South Christina, PW 00621"
376,Sierra Rios,awebster@example.com,272-718-4676x72646,"781 Lynn Fork Suite 926, Hunterland, WI 73376"
377,Nicholas Sullivan,hectorruiz@example.com,759.785.0484,"13614 Hannah Ferry Suite 246, Port Stephanie, FL 12560"
378,Elizabeth Simmons,smithscott@example.org,997-859-8952x5423,"11911 Jackson Shoals Suite 931, Kathyside, MD 39571"
379,Mary Pena,simpsonroger@example.org,001-376-864-0646x621,"366 Lewis Shoal Apt. 807, Port Meganport, WI 84963"
380,Lauren Harrison,hkhan@example.net,239.407.7684x41877,"074 Johnson Parks Suite 303, Barkerstad, WI 44522"
381,Anthony Johnson,littleerica@example.com,001-608-655-2736x60544,"14823 Martinez Lodge Apt. 331, Navarroville, NY 10753"
382,Michael Mcmillan,danielhaynes@example.org,001-444-875-0119x3194,"USCGC Mccarty, FPO AE 62176"
383,Darren Gonzales,graveswendy@example.org,(656)208-5318x78017,"54638 Garcia Crest, Shannonberg, MN 75076"
384,Jonathan Ortiz,andre18@example.com,510-797-8121x0815,"247 Carpenter Loaf, Bautistaville, IA 19716"
385,Martin Cervantes,christophermitchell@example.org,320-362-1171x844,"7483 Pena Garden Apt. 443, Port Justinshire, AS 61995"
386,Carlos Cooper,rileymary@example.org,001-442-469-4398x129,"68270 Stephanie Ridges Apt. 828, Langborough, NC 74422"
387,Rachel Gaines,anthonyrice@example.com,+1-223-201-1352x4955,"768 Clark Trafficway Suite 946, North Jonathan, KS 34974"
388,Heather Dorsey,stephanie19@example.net,534.683.9920x988,"724 Wilson Valleys Suite 190, Port Benjamin, AL 76400"
389,Tina Lozano,iwright@example.net,3945669341,"USNS Wyatt, FPO AE 46794"
390,Ashley Jordan,sarapennington@example.net,293-861-4309x48368,"229 Dixon Prairie Apt. 207, North Williamside, IA 18465"
391,Richard Nunez,jonathan20@example.net,457-537-2860,"6150 Lopez Forges Suite 556, East Melissachester, NH 75697"
392,Jill Salazar,ufernandez@example.org,545-601-1843x6099,"5259 Joseph Extensions, Lake Ralphchester, FL 17008"
393,Brittany Ramos,jennifer71@example.com,2277221099,"01308 Evans Alley, East Michaelborough, IA 39819"
394,Danielle Lopez,tbennett@example.net,(743)776-9965x6823,"284 Garcia Locks, Lake Craig, CO 33202"
395,Michael Ward,michelle69@example.org,(405)921-7651,"39164 James Extensions Suite 931, Josephchester, WI 40717"
396,David Levine,zhale@example.net,894-857-4245x8193,"00502 Catherine Land, South Pennyland, PR 85144"
397,Chloe Jenkins,christopher22@example.org,+1-352-375-7039x190,"94835 Roberts Orchard, East Dennis, FL 17597"
398,Jonathan Wilson,uholmes@example.org,495.704.4819x1404,"212 Megan Shoals, Lake Davidborough, CO 92612"
399,James Strong,wilkinsongwendolyn@example.net,(623)523-1488,"5362 Kenneth Views, Joseville, AZ 19788"
400,Daniel Rodriguez,lisa42@example.org,(812)582-3558,"141 Chad Locks, West Vickie, MD 65473"
401,Pamela Flores,sharon63@example.net,717.792.2705x29244,"804 Jeffrey Island Suite 685, Meltonstad, MA 95182"
402,Casey Ayala,andrea71@example.com,757-815-8646x79577,"Unit 4091 Box 0421, DPO AP 77792"
403,Chase Sandoval,tiffanyvance@example.org,470.668.8862x927,"183 Bradley Mill, New Holly, GU 33420"
404,Tony James,james43@example.com,(425)485-6575x602,"52440 Meyer Mission, West Michaelton, AR 63176"
405,Rebecca Black,ghill@example.com,534-200-7623x185,"Unit 1608 Box 2769, DPO AP 66293"
406,Anna Brown,matthew27@example.org,001-310-605-4882,"63094 Ramirez Fall Apt. 567, South Alan, HI 72494"
407,Victor Jones,mowens@example.org,3105273872,"PSC 8574, Box 3583, APO AP 92977"
408,Melanie Hale,cory01@example.org,+1-679-851-1830x720,"5872 Bush Land, New Vincentview, NC 61643"
409,Steven Powell,ingramrichard@example.net,(985)514-7117,"07278 May Squares, Dianahaven, NJ 40697"
410,Eric Miller,wjohnson@example.net,209.302.4505x323,"94338 Collins Manor Suite 344, Millerfurt, AK 69557"
411,Kevin Bell,wpatel@example.com,001-347-638-5952x20414,"Unit 3024 Box 4649, DPO AE 85114"
412,Sarah Jones,josephbrady@example.org,001-724-322-1897x95376,"8608 Miller Brook, Ronaldview, WY 80631"
413,Jason Ellis,qlarson@example.com,799.312.4182x06507,"09077 Miller Radial, Port Lauren, VI 87630"
414,Jennifer Carrillo,duranscott@example.org,8668634674,"100 Best View Apt. 816, Lake Kellibury, MN 49056"
415,Kathryn Andersen,michellemartin@example.com,393-443-0625,"88868 Fisher Curve Apt. 880, West Jessica, CT 43804"
416,Misty Wilkerson,bradleyashley@example.net,2525427555,"804 Lawson Squares, West Kennethhaven, MN 34284"
417,Tammy Duncan,cynthiacox@example.org,+1-846-861-2505x64184,"0369 Christensen Drives Apt. 225, Smithland, NE 85245"
418,Christina Smith,kimberlygonzalez@example.org,(479)682-5948,"7948 Angela Curve, Hayesfort, SC 14407"
419,Mark Palmer,jacksonpatty@example.com,3128807625,"USNV Farmer, FPO AA 34568"
420,Charles Hunt,zruiz@example.net,571-554-5192x274,"878 Christine Skyway Apt. 232, North Adamstad, LA 12727"
421,Richard Fritz,amy11@example.net,4935175250,"2351 Jones Knolls, Robertside, OH 79456"
422,Justin Bennett,madeline39@example.net,(288)721-2810,"1214 Murphy Parkway Suite 034, Robertfurt, KY 39940"
423,Frank Logan,joshuaweaver@example.net,913.645.4314x755,"7741 Christine Village Apt. 226, Mcintyreberg, IA 07926"
424,Devin Garza,makaylasnow@example.net,001-626-560-9893x028,"6437 Jones Place, South Cory, LA 63947"
425,Jamie King,wbrooks@example.com,001-221-976-9777x367,"PSC 0677, Box 7583, APO AP 47885"
426,Ms. Whitney Dominguez,michaellam@example.net,(626)748-1596,"8142 Kim Views, New Victorstad, ID 45253"
427,Kimberly Stephens,margaretweber@example.org,001-562-444-4746x44084,"152 Ray Mews, Taylormouth, LA 32919"
428,Julie Young,burnsnicholas@example.org,(836)339-2847,"PSC 4895, Box 5263, APO AE 79872"
429,Mr. Danny Cruz,wrightjuan@example.com,001-981-557-0610x04672,"951 Marquez Forks, Dennisville, IN 69747"
430,Megan Lopez,lunajoshua@example.com,001-932-405-9955x9686,"1053 Victoria Highway Suite 334, West Nicole, AS 39297"
431,Monique Harris,csummers@example.net,797.498.3597,"4091 Shannon Rest, South Tonymouth, MD 54548"
432,Jack Lyons,ymartinez@example.org,+1-564-714-9880x478,"22951 Reed Vista Suite 176, South Dylan, VT 86197"
433,Jordan Johnson,jongarcia@example.org,(326)617-6717x8693,"1982 Davis Avenue, South Stephenville, SC 97816"
434,Raven Beard,galvantheresa@example.org,(898)760-5176x3516,"PSC 5737, Box 8065, APO AA 61852"
435,Deanna Dunn,dominguezcheryl@example.org,(573)780-4565x33623,"6164 Montoya Harbors, Odonnellton, NV 14147"
436,Chloe Hill,krista49@example.org,755-621-4178,"1342 Soto Squares Suite 245, New Carloston, NH 20939"
437,Beth Hopkins,sandraporter@example.com,+1-606-266-5867x48510,"48425 Heather Vista, East Kristinview, MS 33233"
438,April Simpson,david98@example.net,8232315551,"USNV Caldwell, FPO AE 84442"
439,Jennifer Lopez,annamartinez@example.net,(361)637-5587,"488 Richard Club, Stephenschester, NJ 64898"
440,Jose Williams,woodkimberly@example.net,(793)398-0087x48804,"7259 Nicholas Mission, East Cristian, WI 79311"
441,Kim Burke MD,danielwhite@example.org,(803)634-0251x025,"656 Frank Causeway Suite 902, Christinaberg, NV 38649"
442,Katherine Evans,smithchristian@example.com,825.257.8400,"6978 Michael Plains Apt. 651, Lake Crystaltown, WA 30123"
443,Peter Leonard,zgrant@example.org,001-496-443-6931x243,"48167 Jennifer Ports Apt. 441, Danielton, GU 80564"
444,Gabriel Crawford,qhernandez@example.com,961.509.4885x968,"21485 Clifford Ridge Suite 044, Marquezton, IN 48763"
445,Michael Diaz,joseph36@example.net,(647)842-6863,"56274 Curtis Avenue, Port Rhonda, SC 49360"
446,Diana Leonard,tdavis@example.net,696.853.1769,"USNV Bowen, FPO AA 95774"
447,Richard Brown,daniel94@example.com,(405)743-8549,"43695 Taylor River, Jonathanfurt, VT 25522"
448,Paul Holder,moodyterrance@example.org,215-753-7711,"7921 Kenneth Plains Suite 380, Leeshire, NJ 53076"
449,Courtney Brown,espinozagloria@example.org,(354)825-4967x97150,"14591 Nicholas Mountain Apt. 543, Lake Jenniferborough, MI 98495"
450,Gabriel Evans,emilyrodriguez@example.net,476-259-2195x91485,"072 Jacob Plains Suite 042, Lake Dana, MO 89804"
451,Brian Ruiz,uhull@example.org,860.839.5417x7502,"9512 Hughes Avenue, New Yolanda, VT 58268"
452,Mr. Steven Clark,zyoung@example.org,373-480-8865,"088 Baker Key, Stephanieberg, ND 11374"
453,Gina Kim,lauren00@example.org,(980)338-7823x6231,"221 Abigail Rue Suite 790, Hillbury, MH 13867"
454,Leonard Brewer,christopherwright@example.com,+1-248-589-0743,"3605 Denise Shores, Kristinaport, AL 79641"
455,Janet Taylor,upalmer@example.net,683.794.9942x99662,"74351 Patricia Road Suite 289, Port Huntershire, NY 19267"
456,Jeff Banks,bergdavid@example.net,(219)973-9340,"Unit 8247 Box 2732, DPO AP 28496"
457,Trevor Haynes,gnunez@example.org,536.661.1470,"0015 Christopher Canyon Suite 535, South Rebeccamouth, NJ 65616"
458,Jeffrey Randolph,melissaclements@example.org,766-905-4225x164,"95371 Emily Via, Jessicahaven, PA 32085"
459,Antonio Morris,vhogan@example.net,685.979.6657x847,"05797 Denise Shoal Suite 567, New Michael, AR 79256"
460,Zachary Johnson,heather71@example.org,(950)664-4633x596,"Unit 9189 Box 9017, DPO AE 86227"
461,Louis Blair,hawkinsjessica@example.net,(481)410-9148x87570,"723 Cox Motorway, Karenville, LA 61982"
462,Anthony White,ccollins@example.com,547.236.7030x45204,"451 Brian Radial Suite 342, Starkfurt, VT 01576"
463,Aaron Clarke,wnunez@example.net,(408)384-6721,"4131 Andrews Throughway Apt. 589, New Kimberly, NM 63655"
464,Jessica Allison,fsullivan@example.org,324-851-7491x981,"3137 Julie Isle, South Joseph, VA 48554"
465,Henry Williams,nathaniel54@example.org,507.746.3816x92287,"076 Cunningham Plains Apt. 758, Zimmermanborough, VA 49030"
466,Kelsey Tyler,mflores@example.org,001-980-617-5761,"86529 Michael Overpass, Longfurt, DE 80771"
467,Mallory Gross,jeffreypowers@example.com,4187582707,"524 Kathleen Centers Apt. 280, West Tina, WY 11140"
468,Jeffrey Howell,marywilson@example.org,678.835.4473x1781,"2287 Snow Mountains Apt. 183, West Frank, VA 21096"
469,Sean Clark,justinlam@example.org,(287)928-6690,"33583 Anna Spring Apt. 416, Englishfurt, NY 18757"
470,Jack Crawford,goodmanmarc@example.net,2906022742,"6688 Clark Courts Suite 181, Turnershire, AS 67196"
471,Patricia Arnold,xcombs@example.org,762.622.0663x8203,"0615 David Isle, Newmanview, WA 98782"
472,Thomas Day,ysmith@example.org,+1-986-354-9922x9830,"6823 Christina Valley, Jeremyview, UT 58158"
473,Robin Phelps,qburke@example.org,001-946-459-3411x3734,"1738 Jessica Rest Apt. 963, South Devon, TN 12705"
474,Ray Woods,zacharyyang@example.com,(378)332-0852x20807,"8178 Edwards Unions Suite 807, Port Courtneyshire, MH 53080"
475,Wendy Lawson,mary09@example.com,394.342.0161,"743 Sean Expressway, South Christopher, NJ 82623"
476,Michelle Rose,gmitchell@example.net,(420)251-7848x224,"Unit 2938 Box 1107, DPO AE 15249"
477,Roger Miller,josephjessica@example.net,4525915902,"298 Adams Pine, Robersonchester, GU 48435"
478,Christopher Rodriguez,jasonwhite@example.org,7679361437,"071 Michael Passage Apt. 272, Rodriguezberg, MI 41999"
479,Christopher Adams,dawnarnold@example.org,205-408-8868x2571,"17145 Nathan River, North Davidberg, MD 85846"
480,Holly Robinson,destiny90@example.org,836.662.2319x3013,"59489 Martin Inlet, Melissaborough, IL 40149"
481,Nicholas Craig,jreid@example.com,(891)426-2386,"PSC 9964, Box 9105, APO AE 83009"
482,Lindsay Allen,dawnmorris@example.org,548-203-8747,"60500 Cooper Plains Apt. 650, South Brianshire, MS 59011"
483,Elizabeth Romero,allencalvin@example.com,381.935.6250,"6078 Ashley Light Apt. 338, Geoffreyhaven, FL 87667"
484,James Zimmerman,arnoldbrian@example.com,877-289-2324x3152,"544 Mejia Tunnel, Joshuamouth, MS 32462"
485,Lucas Stephens,aharris@example.net,517.819.4960x08322,"172 Duncan Station, East Lori, OK 41466"
486,Travis Carey,johnsonwendy@example.org,(957)301-6759,"78579 Dylan Knolls, Port Sierrastad, AK 20076"
487,Courtney Wright,gregory33@example.com,821.813.8829x496,"710 Burns Fork, Morrismouth, ID 39540"
488,Christopher Bell,howellsarah@example.net,308.410.4114x0756,"4456 Justin Alley, Port Amanda, NV 11144"
489,Peter Bryant,millerlaurie@example.net,644.519.9892,"858 Joshua Passage Apt. 883, South Randyfort, PW 54207"
490,Briana Gibbs,stevenrose@example.com,(266)227-0917x96006,"Unit 7552 Box 9949, DPO AE 96734"
491,Aaron Haas,codywatson@example.org,+1-625-553-9946x509,"004 Freeman Lodge, New Jessicaburgh, HI 12720"
492,John Foster,elizabethroach@example.com,764.327.0849,"898 Kirk Station, Jesusside, PW 10457"
493,Michael Dominguez,allenmichele@example.com,+1-453-385-6657x7831,"7891 Anthony Vista, Erikaland, CO 42360"
494,Erin Jones,jennifer00@example.net,(554)824-8095x12609,"8979 Thompson Prairie, South Cassidy, AZ 10630"
495,Joshua Mccoy,shelbytorres@example.net,(759)982-4877,"277 Bell Bridge Suite 166, Valenciamouth, ND 14039"
496,Thomas Perkins,janice32@example.org,276.862.1862,"0749 Jamie Track Suite 777, Port Spencer, IN 07846"
497,Benjamin Hendrix,jamie91@example.net,8514945624,"059 Richard Court, West Marymouth, IL 40245"
498,Kimberly Mitchell,osmith@example.org,(963)983-7249,"3955 Long Club, North Loriport, NE 55354"
499,Dan Morris,rebeccagilmore@example.org,(219)773-0111,"4083 Jerry Ford Suite 418, Nicolechester, GA 14622"
500,Javier Kramer,munozmark@example.com,+1-396-504-1875x276,"02122 Linda Hills, West Ana, MN 24438"
